name,url,address,address2,city,state,zip,phone,fax47,https://www.47brand.com/,132 Campanelli Industrial Drive,Door 27,Brockton,MA,02301,781-702-2921,Adidas,https://www.adidas.com/us,5055 N Greeley Avenue,,Portland,OR,97217,(800) 982-9337,(971) 234-2450Alex And Ani Inc,https://www.alexandani.com/,2000 Chapel View Blvd,,Cranston,RI,2920,800-725-7822,All Star Dogs,http://www.allstardogs.com/,20 Hastings Road,,Marlboro,NJ,07746,800-391-3520,732-566-3401"Alta Gracia Holdco, Inc",http://www.altagraciaapparel.com/,160 E Saint John St,,Spartanburg,SC,29306,(864) 285-9810,Alternative Apparel,https://www.alternativeapparel.com/,1650 Indian Brook Way,Ste 200,Norcross,GA,30093,(877) 747-2915,Ambrose Enterprises LLC,https://www.adrenalinepromotions.com/,1527 Brentwood Ln,,Mount Vernon,WA,98274,(360) 752-2700,"Baden Sports, Inc.",https://www.badensports.com/,19015 66TH Ave S,,Kent,WA,98032,(253) 925-0500,Blue 84,https://blue84.com/,750 Randolph Rd,,Detroit Lakes,MN,56501,(218) 847-2171,Boelter Brands,https://www.boelterbrands.com/,117 SOUTHEAST PKWY,,FRANKLIN,TN,37064,(844) 564-6432,Boxercraft Inc,https://boxercraft.com/,7131 Discovery Blvd,,Mableton,GA,30126,(404) 355-9994,Branded Logistics LLC,https://branded-logistics.com/,528 N Link Ln Unit 2,,Fort Collins,CO,80524,(970) 510-6000,C.D.I. Corporation,https://www.cdi-corp.com/,3440 N. Knox,,Chicago,IL,60641,(773) 205-2960,Capri Designs,https://www.capridesigns.com/,549 Capri Point,,Lavonia,GA,30553,(678) 400-2354,(706) 356-0228Carolina Sewn Products Corp,http://carolinasewnproducts.com/,145 CANE CREEK INDUSTRIAL PARK RD.,SUITE 125,Fletcher,NC,28732,800-920-5944,Catstudio Inc,https://www.catstudio.com/,1340 Industrial Avenue,Suite A,Petaluma,CA,94952, 800-819-3367,707-778-8100Centon Electronics Inc,http://www.centon.com/,27412 Aliso Viejo Pkwy,,Aliso Viejo,CA,92656,(949) 855-9111,Champion Products,https://www.champion.com/,1000 East Hanes Mill Road,,Winston Salem,NC,27105,336-519-8080,College Concepts,https://www.conceptssport.com/,3350 Riverwood Parkway,Suite 850,Atlanta,GA,30339,800-284-4288,College Kids,https://collegekids.com/,209 Rockwood Ln,,Neenah,WI,54956, (800) 556-2036,Collegiate Pacific,https://collegiatepacific.com/,532 Luck Avenue,,Roanoke,VA,24016,800-336-5996,Colosseum Athletics,https://www.colosseumusa.com/,2400 S Wilmington Ave,,Compton,CA,90220,(310) 667-8341,Cutter & Buck,https://cutterbuck.com/,4001 Oakesdale Ave SW,,Renton,WA,98057,(206) 622-4191,E5,https://e5usa.com/,61 Willet Street,Suite QQ,Passaic,NJ,7055,(973) 773-0750,(973) 773-0751Fall Rush,https://www.follett.com/fallrush/,2470 Bancroft Way,,Berkeley,CA,94704,(510) 845-1226,Fanmats LLC,https://www.fanmats.com/,61 Willet Street,Suite QQ,Passaic,NJ,07055,(973) 773-0750,(973) 773-0751FOCO,https://www.foco.com/,2301 Cottontail Lane ,,Somerset,NJ,08873,(848) 260-4260,"For Bare Feet, Inc.",https://www.forbarefeet.com/,1201 S Ohio St ,Ste A,Martinsville,IN,46151,(765) 349-7474,Four Point Products,https://fourpoint.com/,1 Looseleaf Lane,,Vincent,AL,35178,800-456-6603,Framing Success,https://www.framingsuccess.com/,2556 Horse Pasture Road,,Virginia Beach,VA,23453,800-200-2044,800-576-3726Gameday Couture,https://www.shopthesoho.com/,8620 S Peoria Ave,,Tulsa,OK,74132,(855) 343-6100,Gametime Sidekicks LLC,https://www.gametimesidekicks.com/,2339 W Beaver Creek Dr,,Powell,TN,37849,(865) 938-6822,Garb,http://www.garbathletics.com/,PO Box 1561,,Spanish Fork,UT,84660,(888) 864-1955,Gear For Sports,http://www.gearforsports.com/,9700 Commerce Parkway,,Lenexa,KS,66219,800-255-1065 ,"Hillflint, Inc",https://hillflint.com/,1732 1ST Ave,,New York,NY,10128,(212) 390-8337,Holland Bar Stool Co.,https://hollandbarstool.com/,12839 Corporate Circle Place,,Holland,MI,49424,(800) 423-1903,888 391-7468House of Doolittle,http://www.houseofdoolittle.com/,3001 Malmo Drive,,Arlington Heights,IL,60005,800-621-9546,888-621-6660Image One,https://imageonecollegiate.com/,3300 W 65th Street,,Little Rock,AR,72209,(501) 663-9595,"Innovative Adhesives, LLC",https://fanapeel.com/,P.O. Box 1719,,Cary,NC,27512,866-926-2266,Jardine Associates,https://www.jardineassociates.com/,200 Compass Circle,,North Kingstown,RI,2852,(800) 543-7655,(401) 667-3818Jaymac Sports Products,https://jaymacsports.com/,4255 Bannockburn Rd,,Florence,SC,29505,843-661-5622,Jenkins Enterprises,https://www.jenkins-enterprises.com/,7200 Industry Dr,,North Little Rock,AR,72117,(501) 945-2600,Johnnie-O,https://www.johnnie-o.com/,2048 Cotner Avenue,,Los Angeles,CA,90025,877-787-4703,Jostens Inc,https://www.jostens.com/,7760 France Ave S,Ste 400,Minneapolis,MN,55435,(952) 830-3300,Kitty Keller Designs,https://kittykeller.com/,416 N. Austin Street,,Seguin,TX,78155,877-597-3357 ,830-303-7040 Ladiva Sport LLC,https://ladivasport.com/,7511 E Rose Garden Ln,,Scottsdale,AZ,85255,(855) 523-4827,Landes Inc,https://www.landesusa.com/,4500 S. Pinemont Dr,,HOUSTON,TX,77041,713-665-0655,713-665-6392League Collegiate Wear,https://league-legacy.com/,299 Fame Ave,,Hanover,PA,17331,800-627-3243,(717)630-0826Legacy Apparel,https://league-legacy.com/,300 Fame Ave,,Hanover,PA,17331,800-627-3244,(717)630-0827Life Is Good,https://www.lifeisgood.com/,15 Hudson Park Dr,,Hudson,NH,3051,(603) 594-6100,Logo Brands,https://logobrands.com/,117 SE Parkway,,Franklin,TN,37064,(615) 261-2100,Logofit LLC,https://www.logofit.com/,3202 Lapeer Rd,,Flint,MI,48503,(810) 715-1980,Lokai Holdings LLC,https://lokai.com/,180 Varick St,Rm 504,New York,NY,10014,(646) 979-3474,LXG,https://www.lxginc.com/,921 S Park Ln,,Tempe,AZ,85281,(602) 437-5550,602-437-5445Mascot Factory,https://www.mascotfactory.com/,12340 Stowe Drive,Suite B,Poway,CA,92064,(858) 679-2244,(407) 386-6968Mv Sport Us,https://www.mvsport.com/,88 Spence St,,Bay Shore,NY,11706,(800) 367-7900,Neil Enterprises Inc,https://www.neilenterprises.com/,1000 Woodlands Parkway,,Vernon Hills,IL,60061,847-549-7627,847-549-0349"New Era Cap Company,Inc.",https://www.neweracap.com/,160 Delaware Ave,,Buffalo,NY,14201,(716)604-9000,(716)604-9299 Nike Team Sports,https://niketeam.nike.com/,1 Bowerman Drive,,Beaverton,OR,97005,503-671-6453,Nordic,https://www.nordicpromos.com/,5 Tripps Ln,,Riverside,RI,02915,(401) 431-9299,Outerstuff Ltd,https://www.outerstuff.com/,1412 Broadway,18th floor,New York,NY,10018,(212) 594 9700,Pegasus Sports LLC,https://www.pegasussports.net/,550 Wolverine St,,Rockford,MI,49341,616-866-1833,Peter Millar,https://www.petermillar.com/,1002 Twin Creeks Ct,,Durham,NC,27703,(919) 465-0155,Photografx,http://photografxworldwide.com/,34082 Pinehurst Dr,,Yucaipa,CA,92399,(909) 797-8426,Picnic Time,https://www.picnictime.com/,5131 Maureen Lane,,Moorpark,CA,93021,(805) 529-7400,(805) 529-7474Pressbox,http://pressboxusa.com/,5800 Royce St,,Kannapolis ,NC,28083,(704) 933-6000,Real-Time Marketing,https://www.chromeemblems.com/,3230 Commander Drive,,Carrollton,TX,75006,(214) 363-3170,(214) 363-9236Retro Brandss,https://www.originalretrobrand.com/,1415 Emerald Road,,Greenwood,SC,29646,855-708-7674,"RFSJ, Inc",https://www.rfsj.com/,654 W. Main Street,,Mt. Pleasant,PA,15666,724-547-4457,"Riddell, Inc",https://riddell.com/,1700 E Higgins Rd,Ste 500,Des Plaines,IL,60018,888-681-1717,Roaring Spring Blank Book Co.,http://rspaperproducts.com/,740 Spang Street,,Roaring Spring,PA,16673,814-224-5141,814-793-2321Society 43,https://society43.com/,2505 SE 11TH Ave Ste 300,,Portland,OR,97202,(503) 954-2817,Spirit Products Ltd.,https://www.spiritproducts.com/,55 Chase St. ,,Methuen,MA,01844,(978) 372-2022,"Stance, Inc",https://www.stance.com/,197 Av. La Pata,,San Clemente,CA,92673,(888) 391-9020,"Stockdale Technologies, Inc",http://www.stockdaletechnologies.com/,550 Technology Park,,Lake Mary,FL,32746,(407) 323-5121,Storm Duds,https://www.stormduds.com/,100 Frank Mossberg Dr,,Attleboro,MA,02703,(508) 222-0155,Strand Art Co.,https://www.strandart.com/, 4700 E Hunter Avenue,,Anaheim,CA,92807 ,714-777-0444 ,714-970-8890Strideline,https://www.strideline.com/,117 E. Louisa St,#536,Seattle,WA,98102,(206) 801-0116,Tervis Tumbler,https://www.tervis.com/,201 Triple Diamond Blvd,,North Venice,FL,34275,(848) 260-4260,The Fanatic Group,https://www.thefanaticgroup.com/,400 Raritan Center Parkway,Suite E,Edison,NJ,08837,732.512.1777,The Game,https://www.thegameheadwear.com/,16 Downing Dr,,Phenix City,AL,36869,(334) 291-5151,The Northwest Company,https://thenorthwest.com/,49 Bryant Ave,,Roslyn,NY,11576,(800) 242-6996,The Original Retro Brand,https://www.originalretrobrand.com/,1415 Emerald Road,,Greenwood,SC,29646,855-708-7674,Timeless Etchings LLC,https://www.timelessetchingsco.com/,408 Russell Street,,Milton-Freewater,OR,97862,541-561-9311,Tommy Bahama Group,https://www.tommybahama.com/,400 Fairview Ave. N,Suite 488,Seattle,WA,98109,1-866-986-8282,Twin City Knitting Co.,https://tcksports.com/,PO Box 1179,, Conover,NC, 28613,828-464-4830,828-465-3209University Blanket & Flag Corp.,https://ubflag.com/,1111 Orange Avenue,Suite C,Coronado,CA ,92118,800-247-5897,University Girls,https://ugapparel.com/,112 Olde Ash Ln,,Charleston,WV,25311,(304) 610-2280,USA Licensed Bows Inc,https://sportsbows.com/,20 Empire Drive,,Belleville,IL,62220,800-866-2697,Victory Tailgate,https://www.victorytailgate.com/,2437 E. Landstreet Road,,Orlando,FL, 32824,888-577-4460,Wear It Promotions,https://wearitpro.com/,1202 N Taylor Rd,,Brandon,FL,33510,(813) 410-7597,Wes & Willy LLC,https://wesandwilly.com/,4524 F Street,,Omaha,NE,68117,402-884-5001,Wincraft Inc,https://www.wincraft.com/,960 East Mark Street,P.O. Box 888,Winona,MN,55987,(800) 533-8006,Winning Streak Sports,https://winningstreaksports.com/,9821 Widmer Rd,,Lenexa,KS,66215,800-768-0889,Worthy Promo Products,https://worthypromo.com/,1515 Kowaliga Rd,,Eclectic,AL,36024,(334) 541-4070,Yeti Coolers,https://www.yeti.com/en_US,7601 Southwest Parkway,,Austin,TX,78735,512-394-9384,Zephyr Graf-X,https://www.zhats.com/,5443 Earhart Rd,,Loveland,CO,80538,970-663-3242,Zoozatz,https://www.zoozatz.com/,5121 WINNETKA AVE N,SUITE 290,NEW HOPE,MN,55428,763-545-9544,763-544-3820
